unitid,university,domain,query,title,url,length,raw_file
163338,University of Maryland Eastern Shore,wwwcp.umes.edu,site:wwwcp.umes.edu University of Maryland Eastern Shore generative AI policy,AI: Artificial Intelligence and Academic Integrity,https://wwwcp.umes.edu/citol/teaching-with-generative-artificial-intelligence/,2604,163338.json
163338,University of Maryland Eastern Shore,wwwcp.umes.edu,site:wwwcp.umes.edu University of Maryland Eastern Shore generative AI policy,University Policies | University Policies,https://wwwcp.umes.edu/universitypolicies/,922,163338.json
163338,University of Maryland Eastern Shore,wwwcp.umes.edu,site:wwwcp.umes.edu University of Maryland Eastern Shore generative AI policy,[PDF] Acceptable Use Policy - University of Maryland Eastern Shore,https://wwwcp.umes.edu/it/wp-content/uploads/sites/13/2023/12/Acceptable-Use-Policy-2023.pdf,195,163338.json
163338,University of Maryland Eastern Shore,wwwcp.umes.edu,site:wwwcp.umes.edu University of Maryland Eastern Shore generative AI policy,Information Technology - Policies - University of Maryland Eastern Shore,https://wwwcp.umes.edu/universitypolicies/information-technology-policies/,169,163338.json
163338,University of Maryland Eastern Shore,wwwcp.umes.edu,site:wwwcp.umes.edu University of Maryland Eastern Shore generative AI policy,Privacy Notice,https://wwwcp.umes.edu/generalcounsel/privacy-notice/,2844,163338.json
163338,University of Maryland Eastern Shore,wwwcp.umes.edu,site:wwwcp.umes.edu University of Maryland Eastern Shore generative AI policy,"Policies, Guidelines and Forms | Student Conduct & Community Standards",https://wwwcp.umes.edu/conductaffairs/code-of-student-values/,472,163338.json
163338,University of Maryland Eastern Shore,wwwcp.umes.edu,site:wwwcp.umes.edu University of Maryland Eastern Shore generative AI policy,Policies and Procedures | Human Resources,https://wwwcp.umes.edu/hr/policies-and-procedures/,625,163338.json
163338,University of Maryland Eastern Shore,wwwcp.umes.edu,site:wwwcp.umes.edu University of Maryland Eastern Shore generative AI policy,University of Maryland Eastern Shore | The Eastern Shore's Doctoral Research Institution,https://wwwcp.umes.edu/,6309,163338.json
163338,University of Maryland Eastern Shore,wwwcp.umes.edu,site:wwwcp.umes.edu University of Maryland Eastern Shore generative AI policy,Policies and Procedures | Office of Institutional Equity and Compliance,https://wwwcp.umes.edu/oie/policies-and-procedures/,1134,163338.json
163338,University of Maryland Eastern Shore,wwwcp.umes.edu,site:wwwcp.umes.edu University of Maryland Eastern Shore generative AI policy,UMES Policies & Services | Center for Instructional Technology & Online Learning,https://wwwcp.umes.edu/citol/umes-policies-services/,4626,163338.json
163338,University of Maryland Eastern Shore,wwwcp.umes.edu,site:wwwcp.umes.edu University of Maryland Eastern Shore generative AI policy,3.1 Policies and Procedures 2024-2025,https://wwwcp.umes.edu/pga/3-1-policies-and-procedures-2024-2025/,9951,163338.json
163338,University of Maryland Eastern Shore,wwwcp.umes.edu,site:wwwcp.umes.edu University of Maryland Eastern Shore generative AI policy,Policies | Research,https://wwwcp.umes.edu/research/policies/,3336,163338.json
163338,University of Maryland Eastern Shore,wwwcp.umes.edu,site:wwwcp.umes.edu University of Maryland Eastern Shore generative AI policy,FAQ | Admissions,https://wwwcp.umes.edu/admissions/faq/,9852,163338.json
163338,University of Maryland Eastern Shore,wwwcp.umes.edu,site:wwwcp.umes.edu University of Maryland Eastern Shore generative AI policy,Alcohol and Drug Abuse Policy,https://wwwcp.umes.edu/police/alcohol-and-drug-abuse-policy/,2381,163338.json
163338,University of Maryland Eastern Shore,wwwcp.umes.edu,site:wwwcp.umes.edu University of Maryland Eastern Shore generative AI policy,About UMES | About,https://wwwcp.umes.edu/about/,1035,163338.json
163338,University of Maryland Eastern Shore,wwwcp.umes.edu,site:wwwcp.umes.edu University of Maryland Eastern Shore AI policy academic integrity,Academic Integrity/Academic Dishonesty | Physician Assistant Department,https://wwwcp.umes.edu/pa/academic-integrity-academic-dishonesty/,6899,163338.json
163338,University of Maryland Eastern Shore,wwwcp.umes.edu,site:wwwcp.umes.edu University of Maryland Eastern Shore AI policy academic integrity,[PDF] academic honesty policy forgraduate,https://wwwcp.umes.edu/citol/wp-content/uploads/sites/81/2023/07/Academic-Honesty-Statement-A.pdf,158,163338.json
163338,University of Maryland Eastern Shore,wwwcp.umes.edu,site:wwwcp.umes.edu University of Maryland Eastern Shore AI policy academic integrity,Office of Student Conduct and Community Standards,https://wwwcp.umes.edu/conductaffairs/,1472,163338.json
163338,University of Maryland Eastern Shore,wwwcp.umes.edu,site:wwwcp.umes.edu University of Maryland Eastern Shore AI policy academic integrity,Center for Instructional Technology & Online Learning | Center for Instructional Technology & Online Learning,https://wwwcp.umes.edu/citol/,2717,163338.json
163338,University of Maryland Eastern Shore,wwwcp.umes.edu,site:wwwcp.umes.edu University of Maryland Eastern Shore AI policy academic integrity,Academic Policies | School of Graduate Studies,https://wwwcp.umes.edu/grad/academic-policies/,9995,163338.json
163338,University of Maryland Eastern Shore,wwwcp.umes.edu,site:wwwcp.umes.edu University of Maryland Eastern Shore AI policy academic integrity,Academic Forms | Division of Academic Affairs,https://wwwcp.umes.edu/academic/academic-forms/,2907,163338.json
163338,University of Maryland Eastern Shore,wwwcp.umes.edu,site:wwwcp.umes.edu University of Maryland Eastern Shore AI policy academic integrity,Faculty Handbook | Division of Academic Affairs,https://wwwcp.umes.edu/academic/faculty-handbook/,775,163338.json
163338,University of Maryland Eastern Shore,wwwcp.umes.edu,site:wwwcp.umes.edu University of Maryland Eastern Shore AI policy academic integrity,Tech Tip Tuesday | Center for Instructional Technology & Online ...,https://wwwcp.umes.edu/citol/tech-tip-tuesday/,164,163338.json
163338,University of Maryland Eastern Shore,wwwcp.umes.edu,site:wwwcp.umes.edu University of Maryland Eastern Shore AI policy academic integrity,Digital Teaching - University of Maryland Eastern Shore,https://wwwcp.umes.edu/citol/digital-teaching-2/,153,163338.json
163338,University of Maryland Eastern Shore,wwwcp.umes.edu,site:wwwcp.umes.edu University of Maryland Eastern Shore ChatGPT policy students,Student Life | UMES,https://wwwcp.umes.edu/student/,8802,163338.json
163338,University of Maryland Eastern Shore,wwwcp.umes.edu,site:wwwcp.umes.edu University of Maryland Eastern Shore ChatGPT policy students,Policy and Procedure | UMES CARE Team,https://wwwcp.umes.edu/careteam/policy-and-procedure/,676,163338.json
163338,University of Maryland Eastern Shore,wwwcp.umes.edu,site:wwwcp.umes.edu University of Maryland Eastern Shore ChatGPT policy students,University of Maryland Eastern Shore’s Virtual Programs,https://wwwcp.umes.edu/academic/virtual-programs/,4357,163338.json
163338,University of Maryland Eastern Shore,wwwcp.umes.edu,site:wwwcp.umes.edu University of Maryland Eastern Shore ChatGPT policy students,FAQs - How to apply for positions at UMES | Human Resources,https://wwwcp.umes.edu/hr/human-resources/faqs-how-to-apply-for-positions-at-umes/,4948,163338.json
163338,University of Maryland Eastern Shore,wwwcp.umes.edu,site:wwwcp.umes.edu University of Maryland Eastern Shore provost generative AI guidance,Division of Academic Affairs | Division of Academic Affairs,https://wwwcp.umes.edu/academic/,1486,163338.json
163338,University of Maryland Eastern Shore,wwwcp.umes.edu,site:wwwcp.umes.edu University of Maryland Eastern Shore provost generative AI guidance,Promotion and Tenure Guidelines and Policies,https://wwwcp.umes.edu/academic/promotion-and-tenure-guidelines-and-policies/,1529,163338.json
163338,University of Maryland Eastern Shore,wwwcp.umes.edu,site:wwwcp.umes.edu University of Maryland Eastern Shore provost generative AI guidance,Office of the President | Office of the President,https://wwwcp.umes.edu/president/,1997,163338.json
163338,University of Maryland Eastern Shore,wwwcp.umes.edu,site:wwwcp.umes.edu University of Maryland Eastern Shore provost generative AI guidance,,https://wwwcp.umes.edu/pr/ivy-league-educator-will-be-umes-next-provost/,2823,163338.json
163338,University of Maryland Eastern Shore,wwwcp.umes.edu,site:wwwcp.umes.edu University of Maryland Eastern Shore provost generative AI guidance,Division Administration | Division of Academic Affairs,https://wwwcp.umes.edu/academic/division-administration/,1002,163338.json
163338,University of Maryland Eastern Shore,wwwcp.umes.edu,site:wwwcp.umes.edu University of Maryland Eastern Shore provost generative AI guidance,Fellows - Inaugural Cohort | Division of Academic Affairs,https://wwwcp.umes.edu/academic/provost-faculty-fellows-program/fellows-inaugural-cohort/,173,163338.json
163338,University of Maryland Eastern Shore,wwwcp.umes.edu,site:wwwcp.umes.edu University of Maryland Eastern Shore provost generative AI guidance,Department Chairs | Division of Academic Affairs,https://wwwcp.umes.edu/academic/department-chairs/,3134,163338.json
163338,University of Maryland Eastern Shore,wwwcp.umes.edu,site:wwwcp.umes.edu University of Maryland Eastern Shore provost generative AI guidance,Computer Science and Engineering Technology,https://wwwcp.umes.edu/cset/,6926,163338.json
163338,University of Maryland Eastern Shore,wwwcp.umes.edu,site:wwwcp.umes.edu University of Maryland Eastern Shore teaching and learning generative AI guidance,ENCE 452 Artificial Intelligence | Engineering Program,https://wwwcp.umes.edu/engineering/ence-452-artificial-intelligence/,156,163338.json
163338,University of Maryland Eastern Shore,wwwcp.umes.edu,site:wwwcp.umes.edu University of Maryland Eastern Shore teaching and learning generative AI guidance,Digital Teaching Modality Change/Addition | Center for Instructional Technology & Online Learning,https://wwwcp.umes.edu/citol/digital-teaching-modality-change-addition/,2954,163338.json
163338,University of Maryland Eastern Shore,wwwcp.umes.edu,site:wwwcp.umes.edu University of Maryland Eastern Shore teaching and learning generative AI guidance,Digital Teaching Modality Change/Addition | Center for Instructional Technology & Online Learning,https://wwwcp.umes.edu/citol/digital-teaching/,3196,163338.json
163338,University of Maryland Eastern Shore,wwwcp.umes.edu,site:wwwcp.umes.edu University of Maryland Eastern Shore teaching and learning generative AI guidance,,https://wwwcp.umes.edu/tech/cte/,7004,163338.json
163338,University of Maryland Eastern Shore,wwwcp.umes.edu,site:wwwcp.umes.edu University of Maryland Eastern Shore teaching and learning generative AI guidance,Center for Teaching Excellence | Center for Teaching Excellence,https://wwwcp.umes.edu/teachingexcellence/,1767,163338.json
163338,University of Maryland Eastern Shore,wwwcp.umes.edu,site:wwwcp.umes.edu University of Maryland Eastern Shore teaching and learning generative AI guidance,Faculty and Staff,https://wwwcp.umes.edu/tech/cte-faculty-directory/,9476,163338.json
163338,University of Maryland Eastern Shore,wwwcp.umes.edu,site:wwwcp.umes.edu University of Maryland Eastern Shore teaching and learning generative AI guidance,,https://wwwcp.umes.edu/tech/student-forms/,7092,163338.json
163338,University of Maryland Eastern Shore,wwwcp.umes.edu,site:wwwcp.umes.edu University of Maryland Eastern Shore teaching and learning generative AI guidance,Course Information | Department of the Built Environment,https://wwwcp.umes.edu/tech/course-information/,9852,163338.json
166850,Merrimack College,merrimack.edu,site:merrimack.edu Merrimack College generative AI policy,McQuade LibGuides: Generative AI: Home,https://libguides.merrimack.edu/generative_ai,2000,166850.json
166850,Merrimack College,merrimack.edu,site:merrimack.edu Merrimack College generative AI policy,CTIDE - Artificial Intelligence/ChatGPT | Merrimack College,https://www.merrimack.edu/academics/centers-and-institutes/ctide/ai-chatgpt/,6480,166850.json
166850,Merrimack College,merrimack.edu,site:merrimack.edu Merrimack College generative AI policy,CTIDE | Merrimack College,https://www.merrimack.edu/academics/centers-and-institutes/ctide/,8232,166850.json
166850,Merrimack College,merrimack.edu,site:merrimack.edu Merrimack College generative AI policy,Merrimack College Associate Professor Researching AI in the Classroom | Merrimack College,https://www.merrimack.edu/news/merrimack-college-associate-professor-researching-ai-in-the-classroom/,8494,166850.json
166850,Merrimack College,merrimack.edu,site:merrimack.edu Merrimack College generative AI policy,Policies and Procedures | Merrimack College,https://www.merrimack.edu/about/offices_services/information-technology-services/about-it/policies/,4827,166850.json
166850,Merrimack College,merrimack.edu,site:merrimack.edu Merrimack College generative AI policy,FERPA | Merrimack College,https://www.merrimack.edu/academics/policies_procedures/ferpa/,9137,166850.json
166850,Merrimack College,merrimack.edu,site:merrimack.edu Merrimack College generative AI policy,Privacy Policy and Terms and Conditions | Merrimack College,https://online.merrimack.edu/privacy/,143,166850.json
166850,Merrimack College,merrimack.edu,site:merrimack.edu Merrimack College generative AI policy,How to Research and Write Using Generative AI Tools,https://career.merrimack.edu/classes/how-to-research-and-write-using-generative-ai-tools/,672,166850.json
166850,Merrimack College,merrimack.edu,site:merrimack.edu Merrimack College generative AI policy,Introducing Generative AI into Your Organization - Merrimack,https://career.merrimack.edu/classes/introducing-generative-ai-into-your-organization-a-technical-leadership-framework/,160,166850.json
166850,Merrimack College,merrimack.edu,site:merrimack.edu Merrimack College generative AI policy,Web Resources and Policies | Merrimack College,https://www.merrimack.edu/about/offices_services/communications/web/,5746,166850.json
166850,Merrimack College,merrimack.edu,site:merrimack.edu Merrimack College generative AI policy,Policies | Merrimack ScholarWorks | Merrimack College Research,https://scholarworks.merrimack.edu/policies.html,7138,166850.json
166850,Merrimack College,merrimack.edu,site:merrimack.edu Merrimack College generative AI policy,Integrating Generative AI into Business Strategy,https://career.merrimack.edu/classes/integrating-generative-ai-into-business-strategy/,1186,166850.json
166850,Merrimack College,merrimack.edu,site:merrimack.edu Merrimack College generative AI policy,Using AI for Career Development – CareerEdge | Merrimack,https://career.merrimack.edu/resources/using-ai-for-career-development/,157,166850.json
166850,Merrimack College,merrimack.edu,site:merrimack.edu Merrimack College generative AI policy,[PDF] Academic Integrity Code and Review Procedures - Merrimack College,https://www.merrimack.edu/wp-content/uploads/279-academic-integrity-code.pdf,163,166850.json
166850,Merrimack College,merrimack.edu,site:merrimack.edu Merrimack College generative AI policy,How to Use AI for Upskilling and Lifelong Learning,https://career.merrimack.edu/classes/how-to-use-ai-for-upskilling-and-lifelong-learning/,825,166850.json
166850,Merrimack College,merrimack.edu,site:merrimack.edu Merrimack College AI policy academic integrity,McQuade LibGuides: Academic Integrity: Academic Integrity,https://libguides.merrimack.edu/academic_integrity,3165,166850.json
166850,Merrimack College,merrimack.edu,site:merrimack.edu Merrimack College AI policy academic integrity,AI Accountability: Build Responsible and Transparent Systems,https://career.merrimack.edu/classes/ai-accountability-build-responsible-and-transparent-systems/,8054,166850.json
166850,Merrimack College,merrimack.edu,site:merrimack.edu Merrimack College AI policy academic integrity,Additional Teaching Resources | Merrimack College,https://www.merrimack.edu/academics/centers-and-institutes/ctide/additional-teaching-resources/,6902,166850.json
166850,Merrimack College,merrimack.edu,site:merrimack.edu Merrimack College AI policy academic integrity,OFFICE OF THE REGISTRAR,https://www.merrimack.edu/academics/policies_procedures/,4079,166850.json
166850,Merrimack College,merrimack.edu,site:merrimack.edu Merrimack College AI policy academic integrity,Registrar FAQ | Merrimack College,https://www.merrimack.edu/academics/policies_procedures/frequently-asked-questions/,8662,166850.json
166850,Merrimack College,merrimack.edu,site:merrimack.edu Merrimack College AI policy academic integrity,Satisfactory Academic Progress | Merrimack College,https://www.merrimack.edu/aid/award-policies/sap/,9930,166850.json
166850,Merrimack College,merrimack.edu,site:merrimack.edu Merrimack College ChatGPT policy students,"Empowering Educators with ChatGPT: Strategies, Cautions, and Best Practices | Merrimack College",https://www.merrimack.edu/event/empowering-educators-with-chatgpt-strategies-cautions-and-best-practices/,7137,166850.json
166850,Merrimack College,merrimack.edu,site:merrimack.edu Merrimack College ChatGPT policy students,"""Used as a learning co-pilot, ChatGPT puts students on the road to ...",https://scholarworks.merrimack.edu/soe_facpub/136/,157,166850.json
166850,Merrimack College,merrimack.edu,site:merrimack.edu Merrimack College ChatGPT policy students,Can ChatGPT Do It All? Should I Get Computer Science Degree?,https://online.merrimack.edu/can-chatgpt-do-it-all/,3357,166850.json
166850,Merrimack College,merrimack.edu,site:merrimack.edu Merrimack College ChatGPT policy students,Information Technology Resources for Students | Merrimack College,https://www.merrimack.edu/about/offices_services/information-technology-services/students/,7178,166850.json
166850,Merrimack College,merrimack.edu,site:merrimack.edu Merrimack College ChatGPT policy students,Higher education must wrestle harder to escape ChatGPT's death grip,https://scholarworks.merrimack.edu/soe_facpub/163/,151,166850.json
166850,Merrimack College,merrimack.edu,site:merrimack.edu Merrimack College ChatGPT policy students,Quantum AI (QAI) Lab,https://www.merrimack.edu/research/quantum-ai-lab/,8900,166850.json
166850,Merrimack College,merrimack.edu,site:merrimack.edu Merrimack College ChatGPT policy students,"Program: Applied Artificial Intelligence, Certificate - Merrimack College",https://catalog.merrimack.edu/preview_program.php?catoid=23&poid=3835,2080,166850.json
166850,Merrimack College,merrimack.edu,site:merrimack.edu Merrimack College provost generative AI guidance,Strategic Foundations of GenAI for Higher Education Leaders,https://career.merrimack.edu/classes/strategic-foundations-of-genai-for-higher-education-leaders/,1220,166850.json
166850,Merrimack College,merrimack.edu,site:merrimack.edu Merrimack College provost generative AI guidance,Office of the Provost,https://www.merrimack.edu/about/offices_services/office-of-the-provost/,4719,166850.json
166850,Merrimack College,merrimack.edu,site:merrimack.edu Merrimack College provost generative AI guidance,Meet the Provost | Merrimack College,https://www.merrimack.edu/about/offices_services/office-of-the-provost/meet-the-provost/,8455,166850.json
166850,Merrimack College,merrimack.edu,site:merrimack.edu Merrimack College provost generative AI guidance,Program Directors,https://www.merrimack.edu/about/offices_services/office-of-the-provost/program-directors/,9460,166850.json
166850,Merrimack College,merrimack.edu,site:merrimack.edu Merrimack College teaching and learning generative AI guidance,Introduction to Prompt Engineering for Generative AI,https://career.merrimack.edu/classes/introduction-to-prompt-engineering-for-generative-ai/,1195,166850.json
166850,Merrimack College,merrimack.edu,site:merrimack.edu Merrimack College teaching and learning generative AI guidance,Generative AI Toolbox by Pearson – CareerEdge - Merrimack College,https://career.merrimack.edu/classes/generative-ai-toolbox-by-pearson/,152,166850.json
166850,Merrimack College,merrimack.edu,site:merrimack.edu Merrimack College teaching and learning generative AI guidance,New Teaching and Learning Design Center to Support Merrimack Faculty | Merrimack College,https://www.merrimack.edu/news/new-teaching-and-learning-design-center-to-support-merrimack-faculty/,8224,166850.json
166850,Merrimack College,merrimack.edu,site:merrimack.edu Merrimack College teaching and learning generative AI guidance,McQuade LibGuides: Teaching Excellence Advancement Challenge (TEACH): Home,https://libguides.merrimack.edu/teach,1767,166850.json
166850,Merrimack College,merrimack.edu,site:merrimack.edu Merrimack College teaching and learning generative AI guidance,Teaching and Learning Days | Merrimack College,https://www.merrimack.edu/academics/centers-and-institutes/ctide/teaching-and-learning-days/,8324,166850.json
166850,Merrimack College,merrimack.edu,site:merrimack.edu Merrimack College teaching and learning generative AI guidance,Become a Generative AI Power Prompter and Content Designer,https://career.merrimack.edu/classes/become-a-generative-ai-power-user-and-content-designer/,1139,166850.json
166850,Merrimack College,merrimack.edu,site:merrimack.edu Merrimack College teaching and learning generative AI guidance,CTIDE - Teaching in Multiple Modalities | Merrimack College,https://www.merrimack.edu/academics/centers-and-institutes/ctide/teaching-in-multiple-modalities/,9896,166850.json
186876,Stockton University,stockton.edu,site:stockton.edu Stockton University generative AI policy,,https://stockton.edu/ctld/documents/generative-ai-faculty-guidelines.pdf,8644,186876.json
186876,Stockton University,stockton.edu,site:stockton.edu Stockton University generative AI policy,Generative Artificial Intelligence (GenAI): Home,https://library.stockton.edu/genAI,3014,186876.json
186876,Stockton University,stockton.edu,site:stockton.edu Stockton University generative AI policy,Expectations for Use of Generative Artificial Intelligence (AI),https://stockton.edu/ctld/documents/ai-syllabus-statements.docx,172,186876.json
186876,Stockton University,stockton.edu,site:stockton.edu Stockton University generative AI policy,Generative AI Tools - Generative Artificial Intelligence (GenAI) - Richard E. Bjork Library at Stockton University,https://library.stockton.edu/genAI/aitools,5371,186876.json
186876,Stockton University,stockton.edu,site:stockton.edu Stockton University generative AI policy,FFC 090225- Generative AI in the Classroom,https://stockton.edu/ctld/documents/ffc-090225-generative-ai-in-the-classroom.pdf,176,186876.json
186876,Stockton University,stockton.edu,site:stockton.edu Stockton University generative AI policy,Using GenAI in Academic Research  - Generative Artificial Intelligence (GenAI) - Richard E. Bjork Library at Stockton University,https://library.stockton.edu/genAI/promptstudents,9993,186876.json
186876,Stockton University,stockton.edu,site:stockton.edu Stockton University generative AI policy,Home - Generative Artificial Intelligence (GenAI) - Richard E. Bjork Library at Stockton University,https://library.stockton.edu/genAI/home,3014,186876.json
186876,Stockton University,stockton.edu,site:stockton.edu Stockton University generative AI policy,,https://stockton.edu/faculty-senate/documents/2024_documents/5_may2024/AI_Task_Force_Report.pdf,10000,186876.json
186876,Stockton University,stockton.edu,site:stockton.edu Stockton University generative AI policy,,https://stockton.edu/ctld/artificial-intelligence.html,4025,186876.json
186876,Stockton University,stockton.edu,site:stockton.edu Stockton University generative AI policy,Will My Students Benefit from the Use of Generative AI?,https://stockton.edu/ctld/documents/AI-Decision-Tree-CTLD.pdf,174,186876.json
186876,Stockton University,stockton.edu,site:stockton.edu Stockton University generative AI policy,,https://stockton.edu/information-technology/acceptable-use-standards.html,10000,186876.json
186876,Stockton University,stockton.edu,site:stockton.edu Stockton University generative AI policy,Frequently Asked Questions - University Policies & Procedures | Stockton University,https://www.stockton.edu/policy-procedure/faq.html,4591,186876.json
186876,Stockton University,stockton.edu,site:stockton.edu Stockton University generative AI policy,Richard E. Bjork Library: Generative Artificial Intelligence (GenAI): Additional Resources,https://library.stockton.edu/genAI/addresource,1861,186876.json
186876,Stockton University,stockton.edu,site:stockton.edu Stockton University generative AI policy,Computer Usage and Copyrights - Information Technology Services | Stockton University,https://stockton.edu/information-technology/computer-usage-and-copyrights.html,9902,186876.json
186876,Stockton University,stockton.edu,site:stockton.edu Stockton University generative AI policy,Stockton University,https://stockton.edu/information-technology/standards-guidelines.html,1603,186876.json
186876,Stockton University,stockton.edu,site:stockton.edu Stockton University AI policy academic integrity,Stockton University,https://stockton.edu/faculty-handbook/academic-policies.html,2223,186876.json
186876,Stockton University,stockton.edu,site:stockton.edu Stockton University AI policy academic integrity,Copyright & Plagiarism (Faculty) - Faculty Services - Richard E. Bjork Library at Stockton University,https://library.stockton.edu/faculty_services/copyright_plagiarism_faculty,3339,186876.json
186876,Stockton University,stockton.edu,site:stockton.edu Stockton University AI policy academic integrity,University-Wide Policies - Stockton University Faculty Handbook | Stockton University,https://stockton.edu/faculty-handbook/university-policies.html,3322,186876.json
186876,Stockton University,stockton.edu,site:stockton.edu Stockton University AI policy academic integrity,Stockton University,https://www.stockton.edu/policy-procedure/,1753,186876.json
186876,Stockton University,stockton.edu,site:stockton.edu Stockton University AI policy academic integrity,Policies - University Policies & Procedures | Stockton University,https://stockton.edu/policy-procedure/policies.html,5167,186876.json
186876,Stockton University,stockton.edu,site:stockton.edu Stockton University ChatGPT policy students,Stockton University,https://stockton.edu/policy-procedure/faq.html,4564,186876.json
186876,Stockton University,stockton.edu,site:stockton.edu Stockton University ChatGPT policy students,Student Privacy Rights - FERPA & Proxy Access - Office of the Registrar,https://stockton.edu/registrar/student-rights/ferpa.html,2020,186876.json
186876,Stockton University,stockton.edu,site:stockton.edu Stockton University ChatGPT policy students,Frequently Asked Questions - Academic Advising | Stockton University,https://stockton.edu/academic-advising/ask-an-advisor.html,8240,186876.json
186876,Stockton University,stockton.edu,site:stockton.edu Stockton University ChatGPT policy students,Stockton University,https://www.stockton.edu/about-stockton/statements-policies.html,9858,186876.json
186876,Stockton University,stockton.edu,site:stockton.edu Stockton University ChatGPT policy students,"Campus Support, Policies and Procedures - Center for Teaching & Learning Design",https://oudev.stockton.edu/ctld/student-syllabus-policies-and-resources.html,9640,186876.json
186876,Stockton University,stockton.edu,site:stockton.edu Stockton University provost generative AI guidance,Richard E. Bjork Library at Stockton University,https://library.stockton.edu/blogs/news-events/stephanie-publishes-article,1244,186876.json
186876,Stockton University,stockton.edu,site:stockton.edu Stockton University provost generative AI guidance,Provost Search - Academic Affairs | Stockton University,https://stockton.edu/academic-affairs/provost-search.html,4384,186876.json
186876,Stockton University,stockton.edu,site:stockton.edu Stockton University provost generative AI guidance,Provost’s Professional Development Award in Faculty Precepting - Academic Advising | Stockton University,https://stockton.edu/academic-advising/provosts-professional-development-award.html,3403,186876.json
186876,Stockton University,stockton.edu,site:stockton.edu Stockton University provost generative AI guidance,Poll: New Jerseyans of All Ages Believe AI Needs Oversight  - News | Stockton University,https://stockton.edu/news/2024/hughes-center-ai-poll.html,5512,186876.json
186876,Stockton University,stockton.edu,site:stockton.edu Stockton University provost generative AI guidance,Stockton University,https://learn.stockton.edu/product?catalog=Enhancing-Teaching-and-Learning-with-AI-Practical-Tools-for-the-Classroom,1082,186876.json
186876,Stockton University,stockton.edu,site:stockton.edu Stockton University teaching and learning generative AI guidance,Center for Teaching & Learning Design (CTLD) - Center for Teaching & Learning Design | Stockton University,https://stockton.edu/cld/,2136,186876.json
186876,Stockton University,stockton.edu,site:stockton.edu Stockton University teaching and learning generative AI guidance,Center for Teaching & Learning Design (CTLD) - Center for Teaching & Learning Design | Stockton University,https://www.stockton.edu/ctld/,2136,186876.json
186876,Stockton University,stockton.edu,site:stockton.edu Stockton University teaching and learning generative AI guidance,Prompt Engineering 101 - Generative Artificial Intelligence (GenAI) - Richard E. Bjork Library at Stockton University,https://library.stockton.edu/genAI/researchprompt,2856,186876.json
186876,Stockton University,stockton.edu,site:stockton.edu Stockton University teaching and learning generative AI guidance,Instructional Tools - Center for Teaching & Learning Design,https://stockton.edu/ctld/tech-tools.html,5384,186876.json
186876,Stockton University,stockton.edu,site:stockton.edu Stockton University teaching and learning generative AI guidance,Generative Artificial Intelligence (GenAI): Evaluating AI with the ROBOT Test,https://library.stockton.edu/genAI/robottest,3355,186876.json
215929,University of Scranton,scranton.edu,site:scranton.edu University of Scranton generative AI policy,Policy on Artificial Intelligence (AI),https://www.scranton.edu/Governance/artificial-intelligence-policy_september-2025.pdf,167,215929.json
215929,University of Scranton,scranton.edu,site:scranton.edu University of Scranton generative AI policy,The new University AI Policy: What does it mean?,https://aquinas.scranton.edu/post/the-new-university-ai-policy-what-does-it-mean,2907,215929.json
215929,University of Scranton,scranton.edu,site:scranton.edu University of Scranton generative AI policy,Course Creation Reimagined - Leveraging GenAI for Streamlined Learning,https://events.scranton.edu/2025/11/course-creation-reimagined-leveraging-genai-for-streamlined-learning.shtml,2247,215929.json
215929,University of Scranton,scranton.edu,site:scranton.edu University of Scranton generative AI policy,University Policies | Governance | The University of Scranton,https://www.scranton.edu/Governance/university-policies%2520.shtml,192,215929.json
215929,University of Scranton,scranton.edu,site:scranton.edu University of Scranton generative AI policy,Office of General Counsel,https://scranton.edu/general-counsel/policies.shtml,994,215929.json
215929,University of Scranton,scranton.edu,site:scranton.edu University of Scranton generative AI policy,Confronting the Ethics of Artificial Intelligence,https://www.scranton.edu/academics/wml/ai/index.shtml,7825,215929.json
215929,University of Scranton,scranton.edu,site:scranton.edu University of Scranton generative AI policy,"Policies, Procedures and Resources",https://www.scranton.edu/information-technology/policies.shtml,1249,215929.json
215929,University of Scranton,scranton.edu,site:scranton.edu University of Scranton generative AI policy,IT Governance,https://scranton.edu/information-technology/governance.shtml,9889,215929.json
215929,University of Scranton,scranton.edu,site:scranton.edu University of Scranton generative AI policy,Computing and Equipment Use Policies,https://www.scranton.edu/academics/wml/about/policies/computer-use.shtml,3677,215929.json
215929,University of Scranton,scranton.edu,site:scranton.edu University of Scranton generative AI policy,Policies & Procedures,https://scranton.edu/academics/provost/research/policies-procedures.shtml,843,215929.json
215929,University of Scranton,scranton.edu,site:scranton.edu University of Scranton generative AI policy,Academic Policies,https://www.scranton.edu/academics/provost/academic_policies.shtml,1715,215929.json
215929,University of Scranton,scranton.edu,site:scranton.edu University of Scranton generative AI policy,Faculty and Staff Employee Handbook and Highlighted Policies,https://scranton.edu/hr/employee-handbook-and-policies.shtml,954,215929.json
215929,University of Scranton,scranton.edu,site:scranton.edu University of Scranton generative AI policy,CMPS 372 - Artificial Intelligence,https://catalog.scranton.edu/preview_course_nopop.php?catoid=58&coid=75429,2466,215929.json
215929,University of Scranton,scranton.edu,site:scranton.edu University of Scranton generative AI policy,Computing Sciences Department,https://scranton.edu/academics/cas/computer-science/index.shtml,4816,215929.json
215929,University of Scranton,scranton.edu,site:scranton.edu University of Scranton generative AI policy,Data Science Concentration,https://catalog.scranton.edu/preview_program.php?catoid=62&poid=9300&returnto=7851,3993,215929.json
215929,University of Scranton,scranton.edu,site:scranton.edu University of Scranton AI policy academic integrity,Academic Integrity Policy,https://scranton.edu/academics/pcps/advising/academic-integrity-policy.shtml,2664,215929.json
215929,University of Scranton,scranton.edu,site:scranton.edu University of Scranton AI policy academic integrity,Detecting Plagiarism & AI,https://scranton.edu/academics/cte/acad-integ/acad-turnitin.shtml,6347,215929.json
215929,University of Scranton,scranton.edu,site:scranton.edu University of Scranton AI policy academic integrity,Admin Menu of Links for Academic Integrity,https://scranton.edu/academics/cte/acad-integ/integrityforms.shtml,874,215929.json
215929,University of Scranton,scranton.edu,site:scranton.edu University of Scranton AI policy academic integrity,Academics Page,https://scranton.edu/academics/cte/acad-integ/acad-code-honesty.shtml,10000,215929.json
215929,University of Scranton,scranton.edu,site:scranton.edu University of Scranton AI policy academic integrity,Academic Integrity,https://scranton.edu/academics/cte/acad-integ/index.shtml,1104,215929.json
215929,University of Scranton,scranton.edu,site:scranton.edu University of Scranton AI policy academic integrity,Getting Started with Turnitin AI Detection,https://events.scranton.edu/2025/10/getting-started-with-turnitin-ai-detection.shtml,5389,215929.json
215929,University of Scranton,scranton.edu,site:scranton.edu University of Scranton AI policy academic integrity,ait-facultycheck,https://scranton.edu/academics/cte/acad-integ/ait-facultycheck.shtml,1866,215929.json
215929,University of Scranton,scranton.edu,site:scranton.edu University of Scranton AI policy academic integrity,Academic Integrity Resources - University of Scranton,https://www.scranton.edu/academics/cte/acad-integ/Academic-Integrity-Resources.shtml,155,215929.json
215929,University of Scranton,scranton.edu,site:scranton.edu University of Scranton AI policy academic integrity,Academic Integrity Tutorial - University of Scranton,https://www.scranton.edu/academics/cte/acad-integ/acad-tutorial.shtml,163,215929.json
215929,University of Scranton,scranton.edu,site:scranton.edu University of Scranton ChatGPT policy students,Student Code of Conduct,https://scranton.edu/studentlife/studentaffairs/student-conduct/student-code.shtml,3845,215929.json
215929,University of Scranton,scranton.edu,site:scranton.edu University of Scranton ChatGPT policy students,"Policies, Procedures and Resources",https://scranton.edu/information-technology/policies.shtml,1605,215929.json
215929,University of Scranton,scranton.edu,site:scranton.edu University of Scranton ChatGPT policy students,Standards of Conduct,https://scranton.edu/studentlife/studentaffairs/student-conduct/standardsofconduct.shtml,9950,215929.json
215929,University of Scranton,scranton.edu,site:scranton.edu University of Scranton ChatGPT policy students,Student FAQs,https://scranton.edu/academics/osss/faqs.shtml,3015,215929.json
215929,University of Scranton,scranton.edu,site:scranton.edu University of Scranton ChatGPT policy students,University Policies | Governance | The University of Scranton,https://www.scranton.edu/Governance/university-policies%20.shtml,3144,215929.json
215929,University of Scranton,scranton.edu,site:scranton.edu University of Scranton ChatGPT policy students,LMS FAQ,https://scranton.edu/academics/lms/lms-faq.shtml,4705,215929.json
215929,University of Scranton,scranton.edu,site:scranton.edu University of Scranton ChatGPT policy students,Current Student FAQs,https://www.scranton.edu/studentlife/studentaffairs/dean/currentstudentfaqs.shtml,9959,215929.json
215929,University of Scranton,scranton.edu,site:scranton.edu University of Scranton ChatGPT policy students,Advising FAQ's,https://scranton.edu/academics/pcps/advising/FAQs.shtml,3717,215929.json
215929,University of Scranton,scranton.edu,site:scranton.edu University of Scranton provost generative AI guidance,"[PDF] Tracy Stewart, Ph.D. Interim Provost/SVPAA DATE: November 5 ...",https://www.scranton.edu/academics/provost/PDFs/Fac%2520Sen%2520Reports/2025-2026/november_faculty-senate-report-november-2025-final.pdf,152,215929.json
215929,University of Scranton,scranton.edu,site:scranton.edu University of Scranton provost generative AI guidance,,https://www.scranton.edu/academics/provost/PDFs/Fac%20Sen%20Reports/2024-2025/may-fac-sen.pdf,9999,215929.json
215929,University of Scranton,scranton.edu,site:scranton.edu University of Scranton provost generative AI guidance,"Faculty Senate FROM: Michelle Maldonado, Ph.D. Provost/ ...",https://www.scranton.edu/academics/provost/PDFs/Fac%20Sen%20Reports/2023-2024/sept-provost-report-september.pdf,158,215929.json
215929,University of Scranton,scranton.edu,site:scranton.edu University of Scranton provost generative AI guidance,Office of the Provost / Senior Vice-President for Academic Affairs,https://www.scranton.edu/academics/provost/index.shtml,2306,215929.json
215929,University of Scranton,scranton.edu,site:scranton.edu University of Scranton provost generative AI guidance,Academic Policies,https://scranton.edu/academics/provost/academic_policies.shtml,1715,215929.json
215929,University of Scranton,scranton.edu,site:scranton.edu University of Scranton provost generative AI guidance,Leveraging GenAI for Streamlined Learning,https://events.scranton.edu/2025/10/course-creation-reimagined-leveraging-genai-for-streamlined-learning.shtml,160,215929.json
215929,University of Scranton,scranton.edu,site:scranton.edu University of Scranton provost generative AI guidance,Resources and Frequently Asked Questions (FAQ),https://scranton.edu/academics/provost/educational-assessment/faq.shtml,3962,215929.json
215929,University of Scranton,scranton.edu,site:scranton.edu University of Scranton provost generative AI guidance,Provost Faculty Senate Reports,https://scranton.edu/academics/provost/fac_senate_reports.shtml,2231,215929.json
215929,University of Scranton,scranton.edu,site:scranton.edu University of Scranton provost generative AI guidance,"Michelle Gonzalez Maldonado, Ph.D., Named Provost",https://news.scranton.edu/articles/2023/02/news-provost-maldonado.shtml,5030,215929.json
215929,University of Scranton,scranton.edu,site:scranton.edu University of Scranton provost generative AI guidance,The University of Scranton: Academics: Office of Research Services,https://scranton.edu/academics/provost/research/index.shtml,5343,215929.json
215929,University of Scranton,scranton.edu,site:scranton.edu University of Scranton teaching and learning generative AI guidance,Center for Teaching Excellence,https://scranton.edu/academics/cte/index.shtml,1453,215929.json
215929,University of Scranton,scranton.edu,site:scranton.edu University of Scranton teaching and learning generative AI guidance,Creating Brightspace Course Components,https://scranton.edu/academics/lms/d2l_scratch.shtml,8900,215929.json
215929,University of Scranton,scranton.edu,site:scranton.edu University of Scranton teaching and learning generative AI guidance,Transitioning to Online Instruction,https://scranton.edu/academics/cte/onlineteachinginstruction/onlineteachinginstruction.shtml,9689,215929.json
215929,University of Scranton,scranton.edu,site:scranton.edu University of Scranton teaching and learning generative AI guidance,Rethinking the Relationship Between Assessment and AI,https://www.scranton.edu/academics/cte/Fac-dev/rethinking-the-relationship-between-assmtai-1-30-23.pdf,146,215929.json
215929,University of Scranton,scranton.edu,site:scranton.edu University of Scranton teaching and learning generative AI guidance,Technology | Center for Teaching Excellence | Academics,https://scranton.edu/academics/cte/TECHNOLOGY/index.shtml,5151,215929.json
215929,University of Scranton,scranton.edu,site:scranton.edu University of Scranton teaching and learning generative AI guidance,CMPS 372 - Artificial Intelligence,https://catalog.scranton.edu/preview_course_nopop.php?catoid=62&coid=79976,2901,215929.json
215929,University of Scranton,scranton.edu,site:scranton.edu University of Scranton teaching and learning generative AI guidance,Teaching Online,https://scranton.edu/academics/cte/Fac-dev/teaching-online.shtml,454,215929.json
215929,University of Scranton,scranton.edu,site:scranton.edu University of Scranton teaching and learning generative AI guidance,Asynchronous Instruction,https://scranton.edu/academics/cte/onlineteachinginstruction/asynchronous-instruction.shtml,3157,215929.json
215929,University of Scranton,scranton.edu,site:scranton.edu University of Scranton teaching and learning generative AI guidance,Desire2Learn Learning Management System | Information Technology,https://www.scranton.edu/information-technology/services/lms.html,3098,215929.json
232706,Marymount University,marymount.edu,site:marymount.edu Marymount University generative AI policy,Inaugural Keegan Lecture in Interior Design spotlights AI advancements,https://marymount.edu/blog/inaugural-keegan-lecture-in-interior-design-spotlights-ai-advancements/,7611,232706.json
232706,Marymount University,marymount.edu,site:marymount.edu Marymount University generative AI policy,AI Information: Marymount University,https://marymount.edu/ai-info/,167,232706.json
232706,Marymount University,marymount.edu,site:marymount.edu Marymount University generative AI policy,Technology Resource Use Policy,https://marymount.edu/academics/services-resources/technology-services/technology-resource-use-policy/,152,232706.json
232706,Marymount University,marymount.edu,site:marymount.edu Marymount University generative AI policy,Forbes: Building an ethical work culture for the age of AI - Marymount University,https://marymount.edu/blog/forbes-building-an-ethical-work-culture-for-the-age-of-ai/,162,232706.json
232706,Marymount University,marymount.edu,site:marymount.edu Marymount University generative AI policy,How Leaders Can Use AI in Education,https://marymount.edu/blog/how-leaders-can-use-ai-in-education/,9943,232706.json
232706,Marymount University,marymount.edu,site:marymount.edu Marymount University generative AI policy,President Becerra shares insights on AI and the 'future of ...,https://marymount.edu/blog/president-becerra-shares-insights-on-ai-and-the-future-of-work-at-2025-u-s-universities-summit/,153,232706.json
232706,Marymount University,marymount.edu,site:marymount.edu Marymount University generative AI policy,"ARLnow.com: With bachelor's degree in AI, Marymount seeks to equip students for a changing world",https://marymount.edu/blog/arlnow-com-with-bachelors-degree-in-ai-marymount-seeks-to-equip-students-for-a-changing-world/,161,232706.json
232706,Marymount University,marymount.edu,site:marymount.edu Marymount University generative AI policy,Understanding the Importance of Ethics in Information Technology,https://marymount.edu/blog/understanding-the-importance-of-ethics-in-information-technology/,9147,232706.json
232706,Marymount University,marymount.edu,site:marymount.edu Marymount University generative AI policy,Marymount offers expanded knowledge of artificial intelligence in new bachelor's program,https://marymount.edu/blog/marymount-offers-expanded-knowledge-of-artificial-intelligence-in-new-bachelors-program/,171,232706.json
232706,Marymount University,marymount.edu,site:marymount.edu Marymount University generative AI policy,Developing Cybersecurity Policies and Governance Frameworks,https://marymount.edu/blog/developing-cybersecurity-policies-and-governance-frameworks/,159,232706.json
232706,Marymount University,marymount.edu,site:marymount.edu Marymount University generative AI policy,Marymount's AI programs help pave the way for a “future-ready Virginia”,https://marymount.edu/blog/marymounts-ai-programs-help-pave-the-way-for-a-future-ready-virginia/,133,232706.json
232706,Marymount University,marymount.edu,site:marymount.edu Marymount University generative AI policy,,https://marymount.edu/student-life/wp-content/uploads/sites/4/2024/09/2024-2025-Community-Standards-Blue-Book-Published-with-FoE-Policy.pdf,10000,232706.json
232706,Marymount University,marymount.edu,site:marymount.edu Marymount University generative AI policy,Marymount University Applied AI Certificate (Graduate Certificate),https://marymount.edu/academics/college-of-business-innovation-leadership-and-technology/school-of-technology-and-innovation/graduate-programs/applied-ai-graduate-certificate-program/,160,232706.json
232706,Marymount University,marymount.edu,site:marymount.edu Marymount University generative AI policy,How AI is Used in Cybersecurity,https://marymount.edu/blog/how-ai-is-used-in-cybersecurity-benefits-and-consideration/,9959,232706.json
232706,Marymount University,marymount.edu,site:marymount.edu Marymount University generative AI policy,Marymount University,https://online.marymount.edu/,9627,232706.json
232706,Marymount University,marymount.edu,site:marymount.edu Marymount University AI policy academic integrity,,https://marymount.edu/student-life/wp-content/uploads/sites/4/2022/08/Quick-Guide-to-Academic-Integrity-2022.pdf,6680,232706.json
232706,Marymount University,marymount.edu,site:marymount.edu Marymount University AI policy academic integrity,4 Ways AI Will Forever Change Education,https://online.marymount.edu/blog/4-ways-ai-will-forever-change-education,9670,232706.json
232706,Marymount University,marymount.edu,site:marymount.edu Marymount University AI policy academic integrity,Academic Integrity Overview - Marymount University,https://marymount.edu/student-life/health-wellness/student-conduct/academic-integrity/information-for-faculty/academic-integrity-overview/,156,232706.json
232706,Marymount University,marymount.edu,site:marymount.edu Marymount University AI policy academic integrity,Academic Integrity - Marymount University,https://marymount.edu/student-life/health-wellness/student-conduct/academic-integrity/,152,232706.json
232706,Marymount University,marymount.edu,site:marymount.edu Marymount University AI policy academic integrity,Academic Integrity FAQs - Marymount University,https://marymount.edu/student-life/health-wellness/student-conduct/academic-integrity/faqs/,141,232706.json
232706,Marymount University,marymount.edu,site:marymount.edu Marymount University AI policy academic integrity,[PDF] Quick Guide to Marymount's Academic Integrity process for Instructors,https://marymount.edu/marymount.edu/media/Academic_media/office-of-the-provost/Quick-Guide-to-Academic-Integrity-2020.pdf,160,232706.json
232706,Marymount University,marymount.edu,site:marymount.edu Marymount University AI policy academic integrity,Guide to Sanctions - Marymount University,https://marymount.edu/student-life/health-wellness/student-conduct/academic-integrity/information-for-faculty/guide-to-sanctions/,153,232706.json
232706,Marymount University,marymount.edu,site:marymount.edu Marymount University AI policy academic integrity,,https://marymount.edu/academics/wp-content/uploads/sites/3/2024/09/Faculty-Handbook-2024-2025-Final.pdf,9999,232706.json
232706,Marymount University,marymount.edu,site:marymount.edu Marymount University AI policy academic integrity,Artificial Intelligence and Machine Learning,https://marymount.edu/academics/office-of-research/institutional-review-board/artificial-intelligence-and-machine-learning/,149,232706.json
232706,Marymount University,marymount.edu,site:marymount.edu Marymount University AI policy academic integrity,How Conferences Work - Marymount University,https://marymount.edu/student-life/student-affairs-administration/student-conduct/academic-integrity/information-for-students/how-conferences-work/,158,232706.json
232706,Marymount University,marymount.edu,site:marymount.edu Marymount University AI policy academic integrity,,https://marymount.edu/student-life/wp-content/uploads/sites/4/2022/08/2022-2023-Community-Standards-Blue-Book.pdf,10000,232706.json
232706,Marymount University,marymount.edu,site:marymount.edu Marymount University ChatGPT policy students,ITS Policies - Marymount University,https://marymount.edu/academics/its-policies/,143,232706.json
232706,Marymount University,marymount.edu,site:marymount.edu Marymount University ChatGPT policy students,Forbes: How universities can prepare young professionals for the AI economy,https://marymount.edu/blog/forbes-how-universities-can-prepare-young-professionals-for-the-ai-economy/,163,232706.json
232706,Marymount University,marymount.edu,site:marymount.edu Marymount University ChatGPT policy students,[PDF] 2023-2024 Community Standards Blue Book for Edits - Marymount University,https://marymount.edu/student-life/wp-content/uploads/sites/4/2023/08/2023-2024-Community-Standards-Blue-Book-for-Edits.pdf,131,232706.json
232706,Marymount University,marymount.edu,site:marymount.edu Marymount University ChatGPT policy students,Residence Hall Behavior Standards,https://marymount.edu/student-life/housing/current-students/policy/residence-hall-behavior-standards/,9988,232706.json
232706,Marymount University,marymount.edu,site:marymount.edu Marymount University ChatGPT policy students,Marymount professor highlights advantages of artificial intelligence,https://marymount.edu/blog/marymount-professor-highlights-impactful-advantages-of-artificial-intelligence/,135,232706.json
232706,Marymount University,marymount.edu,site:marymount.edu Marymount University ChatGPT policy students,FAQ,https://marymount.edu/admissions/early-college-programs/faq/,6761,232706.json
232706,Marymount University,marymount.edu,site:marymount.edu Marymount University ChatGPT policy students,Purchasing Card (P-Card) Policy,https://marymount.edu/policies/purchasing-card-p-card-policy/,7990,232706.json
232706,Marymount University,marymount.edu,site:marymount.edu Marymount University provost generative AI guidance,[PDF] 2025-2026 Community Standards Blue Book Edits - Marymount ...,https://marymount.edu/student-life/wp-content/uploads/sites/4/2026/01/2025-2026-Community-Standards-Blue-Book-Updated-AI-Language.pdf,159,232706.json
232706,Marymount University,marymount.edu,site:marymount.edu Marymount University provost generative AI guidance,The Future of Education | Marymount University,https://online.marymount.edu/blog/the-future-of-education,9826,232706.json
232706,Marymount University,marymount.edu,site:marymount.edu Marymount University provost generative AI guidance,Forbes: How to become a transformational leader in the AI era,https://marymount.edu/blog/forbes-how-to-become-a-transformational-leader-in-the-ai-era/,8270,232706.json
232706,Marymount University,marymount.edu,site:marymount.edu Marymount University provost generative AI guidance,,https://marymount.edu/my-marymount-media/Academic-Affairs-and-Enrollment-Management/Message-from-Provost-El-Rewini-1-19-2021.pdf,2596,232706.json
232706,Marymount University,marymount.edu,site:marymount.edu Marymount University provost generative AI guidance,How AI Is Revolutionizing Interior Design,https://marymount.edu/blog/how-ai-is-revolutionizing-interior-design-and-how-to-successfully-use-ai-as-an-interior-designer/,9960,232706.json
232706,Marymount University,marymount.edu,site:marymount.edu Marymount University provost generative AI guidance,The Role of AI in Forensics,https://marymount.edu/blog/the-role-of-ai-in-forensics/,8996,232706.json
232706,Marymount University,marymount.edu,site:marymount.edu Marymount University teaching and learning generative AI guidance,Artificial Intelligence Research Area,https://marymount.edu/academics/college-of-business-innovation-leadership-and-technology/school-of-technology-and-innovation/school-of-technology-and-innovation-research/artificial-intelligence-research-area/,142,232706.json
232706,Marymount University,marymount.edu,site:marymount.edu Marymount University teaching and learning generative AI guidance,"Technology Enhanced Learning: Why, How and Tools",https://online.marymount.edu/blog/technology-enhanced-learning,9886,232706.json
232706,Marymount University,marymount.edu,site:marymount.edu Marymount University teaching and learning generative AI guidance,"College of BILT - Business, Innovation, Leadership and Technology",https://marymount.edu/academics/college-of-business-innovation-leadership-and-technology/,4349,232706.json
